INSERT INTO TBL_PAISES (ID_PAIS, NOMBRE_PAIS) VALUES ('1', 'HONDURAS');
INSERT INTO TBL_PAISES (ID_PAIS, NOMBRE_PAIS) VALUES ('2', 'EL SALVADOR');
INSERT INTO TBL_PAISES (ID_PAIS, NOMBRE_PAIS) VALUES ('3', 'COSTA RICA');
INSERT INTO TBL_PAISES (ID_PAIS, NOMBRE_PAIS) VALUES ('4', 'GUATEMALA');
INSERT INTO TBL_PAISES (ID_PAIS, NOMBRE_PAIS) VALUES ('5', 'NICARAGUA');
INSERT INTO TBL_PAISES (ID_PAIS, NOMBRE_PAIS) VALUES ('6', 'PANAMA');

INSERT INTO TBL_ESTADOS (ID_ESTADO, NOMBRE_ESTADO, ID_PAIS) VALUES ('1', 'LA PAZ', '1');
INSERT INTO TBL_ESTADOS (ID_ESTADO, NOMBRE_ESTADO, ID_PAIS) VALUES ('2', 'ISLA DE LA BAHIA', '1');
INSERT INTO TBL_ESTADOS (ID_ESTADO, NOMBRE_ESTADO, ID_PAIS) VALUES ('3', 'CORTES', '1');
INSERT INTO TBL_ESTADOS (ID_ESTADO, NOMBRE_ESTADO, ID_PAIS) VALUES ('4', 'ATLANTIDA', '1');
INSERT INTO TBL_ESTADOS (ID_ESTADO, NOMBRE_ESTADO, ID_PAIS) VALUES ('5', 'COLON', '1');
INSERT INTO TBL_ESTADOS (ID_ESTADO, NOMBRE_ESTADO, ID_PAIS) VALUES ('6', 'GRACIAS A DIOS', '1');
INSERT INTO TBL_ESTADOS (ID_ESTADO, NOMBRE_ESTADO, ID_PAIS) VALUES ('7', 'COPAN', '1');
INSERT INTO TBL_ESTADOS (ID_ESTADO, NOMBRE_ESTADO, ID_PAIS) VALUES ('8', 'SANTA BARBARA', '1');
INSERT INTO TBL_ESTADOS (ID_ESTADO, NOMBRE_ESTADO, ID_PAIS) VALUES ('9', 'YORO', '1');
INSERT INTO TBL_ESTADOS (ID_ESTADO, NOMBRE_ESTADO, ID_PAIS) VALUES ('10', 'OLANCHO', '1');
INSERT INTO TBL_ESTADOS (ID_ESTADO, NOMBRE_ESTADO, ID_PAIS) VALUES ('11', 'OCOTEPEQUE', '1');
INSERT INTO TBL_ESTADOS (ID_ESTADO, NOMBRE_ESTADO, ID_PAIS) VALUES ('12', 'LEMPIRA', '1');
INSERT INTO TBL_ESTADOS (ID_ESTADO, NOMBRE_ESTADO, ID_PAIS) VALUES ('13', 'INTIBUCA', '1');
INSERT INTO TBL_ESTADOS (ID_ESTADO, NOMBRE_ESTADO, ID_PAIS) VALUES ('14', 'COMAYAGUA', '1');
INSERT INTO TBL_ESTADOS (ID_ESTADO, NOMBRE_ESTADO, ID_PAIS) VALUES ('15', 'FRANCISCO MORAZAN', '1');
INSERT INTO TBL_ESTADOS (ID_ESTADO, NOMBRE_ESTADO, ID_PAIS) VALUES ('16', 'EL PARAISO', '1');
INSERT INTO TBL_ESTADOS (ID_ESTADO, NOMBRE_ESTADO, ID_PAIS) VALUES ('17', 'VALLE', '1');
INSERT INTO TBL_ESTADOS (ID_ESTADO, NOMBRE_ESTADO, ID_PAIS) VALUES ('18', 'CHOLUTECA', '1');



INSERT INTO TBL_MUNICIPIOS (ID_MUNICIPIO, NOMBRE_MUNICIPIO, ID_ESTADO) VALUES ('1', 'MARCALA', '1');
INSERT INTO TBL_MUNICIPIOS (ID_MUNICIPIO, NOMBRE_MUNICIPIO, ID_ESTADO) VALUES ('2', 'LA PAZ', '1');
INSERT INTO TBL_MUNICIPIOS (ID_MUNICIPIO, NOMBRE_MUNICIPIO, ID_ESTADO) VALUES ('3', 'AGUANTEQUERIQUE', '1');
INSERT INTO TBL_MUNICIPIOS (ID_MUNICIPIO, NOMBRE_MUNICIPIO, ID_ESTADO) VALUES ('4', 'CABAÑAS', '1');
INSERT INTO TBL_MUNICIPIOS (ID_MUNICIPIO, NOMBRE_MUNICIPIO, ID_ESTADO) VALUES ('5', 'CANE', '1');
INSERT INTO TBL_MUNICIPIOS (ID_MUNICIPIO, NOMBRE_MUNICIPIO, ID_ESTADO) VALUES ('6', 'CHINACLA', '1');
INSERT INTO TBL_MUNICIPIOS (ID_MUNICIPIO, NOMBRE_MUNICIPIO, ID_ESTADO) VALUES ('7', 'GUAJIQUIRO', '1');
INSERT INTO TBL_MUNICIPIOS (ID_MUNICIPIO, NOMBRE_MUNICIPIO, ID_ESTADO) VALUES ('8', 'LAUTERIQUE', '1');
INSERT INTO TBL_MUNICIPIOS (ID_MUNICIPIO, NOMBRE_MUNICIPIO, ID_ESTADO) VALUES ('9', 'MERCEDES DEL ORIENTE', '1');
INSERT INTO TBL_MUNICIPIOS (ID_MUNICIPIO, NOMBRE_MUNICIPIO, ID_ESTADO) VALUES ('10', 'OPATORO', '1');
INSERT INTO TBL_MUNICIPIOS (ID_MUNICIPIO, NOMBRE_MUNICIPIO, ID_ESTADO) VALUES ('11', 'SAN ANTONIO DEL NORTE', '1');
INSERT INTO TBL_MUNICIPIOS (ID_MUNICIPIO, NOMBRE_MUNICIPIO, ID_ESTADO) VALUES ('12', 'SAN JOSE', '1');
INSERT INTO TBL_MUNICIPIOS (ID_MUNICIPIO, NOMBRE_MUNICIPIO, ID_ESTADO) VALUES ('13', 'SAN JUAN', '1');
INSERT INTO TBL_MUNICIPIOS (ID_MUNICIPIO, NOMBRE_MUNICIPIO, ID_ESTADO) VALUES ('14', 'SAN PEDRO DE TUTULE', '1');
INSERT INTO TBL_MUNICIPIOS (ID_MUNICIPIO, NOMBRE_MUNICIPIO, ID_ESTADO) VALUES ('15', 'SANTA ANA', '1');
INSERT INTO TBL_MUNICIPIOS (ID_MUNICIPIO, NOMBRE_MUNICIPIO, ID_ESTADO) VALUES ('16', 'SANTA ELENA', '1');
INSERT INTO TBL_MUNICIPIOS (ID_MUNICIPIO, NOMBRE_MUNICIPIO, ID_ESTADO) VALUES ('17', 'SANTA MARIA', '1');
INSERT INTO TBL_MUNICIPIOS (ID_MUNICIPIO, NOMBRE_MUNICIPIO, ID_ESTADO) VALUES ('18', 'SANTIAGO DE PURINGLA', '1');
INSERT INTO TBL_MUNICIPIOS (ID_MUNICIPIO, NOMBRE_MUNICIPIO, ID_ESTADO) VALUES ('19', 'YARULA', '1');

INSERT INTO TBL_COLONIAS (ID_COLONIA, NOMBRE_COLONIA, ID_MUNICIPIO) VALUES ('1', 'AGUA ESCONDIDA', '1');
INSERT INTO TBL_COLONIAS (ID_COLONIA, NOMBRE_COLONIA, ID_MUNICIPIO) VALUES ('2', 'CAMPO COLON', '1');
INSERT INTO TBL_COLONIAS (ID_COLONIA, NOMBRE_COLONIA, ID_MUNICIPIO) VALUES ('3', 'CONCEPCION', '1');
INSERT INTO TBL_COLONIAS (ID_COLONIA, NOMBRE_COLONIA, ID_MUNICIPIO) VALUES ('4', 'EL CALVARIO', '1');
INSERT INTO TBL_COLONIAS (ID_COLONIA, NOMBRE_COLONIA, ID_MUNICIPIO) VALUES ('5', 'EL CIPRES', '1');
INSERT INTO TBL_COLONIAS (ID_COLONIA, NOMBRE_COLONIA, ID_MUNICIPIO) VALUES ('6', 'LA GOLONDRINA', '1');
INSERT INTO TBL_COLONIAS (ID_COLONIA, NOMBRE_COLONIA, ID_MUNICIPIO) VALUES ('7', 'LA PEDRERA', '1');
INSERT INTO TBL_COLONIAS (ID_COLONIA, NOMBRE_COLONIA, ID_MUNICIPIO) VALUES ('8', 'LA TEJERA', '1');
INSERT INTO TBL_COLONIAS (ID_COLONIA, NOMBRE_COLONIA, ID_MUNICIPIO) VALUES ('9', 'LA VICTORIA', '1');
INSERT INTO TBL_COLONIAS (ID_COLONIA, NOMBRE_COLONIA, ID_MUNICIPIO) VALUES ('10', 'MORAZAN', '1');
INSERT INTO TBL_COLONIAS (ID_COLONIA, NOMBRE_COLONIA, ID_MUNICIPIO) VALUES ('11', 'OMOA', '1');
INSERT INTO TBL_COLONIAS (ID_COLONIA, NOMBRE_COLONIA, ID_MUNICIPIO) VALUES ('12', 'SAN ANDRES', '1');
INSERT INTO TBL_COLONIAS (ID_COLONIA, NOMBRE_COLONIA, ID_MUNICIPIO) VALUES ('13', 'SAN JUAN', '1');
INSERT INTO TBL_COLONIAS (ID_COLONIA, NOMBRE_COLONIA, ID_MUNICIPIO) VALUES ('14', 'SAN MIGUEL', '1');
INSERT INTO TBL_COLONIAS (ID_COLONIA, NOMBRE_COLONIA, ID_MUNICIPIO) VALUES ('15', 'SAN RAFAEL', '1');
INSERT INTO TBL_COLONIAS (ID_COLONIA, NOMBRE_COLONIA, ID_MUNICIPIO) VALUES ('16', 'SANTA EMILIA', '1');
INSERT INTO TBL_COLONIAS (ID_COLONIA, NOMBRE_COLONIA, ID_MUNICIPIO) VALUES ('17', 'CIUDAD NUEVA', '1');
INSERT INTO TBL_COLONIAS (ID_COLONIA, NOMBRE_COLONIA, ID_MUNICIPIO) VALUES ('18', 'MELGAR CASTRO', '1');
INSERT INTO TBL_COLONIAS (ID_COLONIA, NOMBRE_COLONIA, ID_MUNICIPIO) VALUES ('19', 'MODELO', '1');
INSERT INTO TBL_COLONIAS (ID_COLONIA, NOMBRE_COLONIA, ID_MUNICIPIO) VALUES ('20', 'OSORIO', '1');
INSERT INTO TBL_COLONIAS (ID_COLONIA, NOMBRE_COLONIA, ID_MUNICIPIO) VALUES ('21', 'BELLA VISTA', '1');

INSERT INTO TBL_TIPOS_TRABAJOS (ID_TIPO_TRABAJO, TIPO_TRABAJO) VALUES ('1', 'DUEÑO DE NEGOCIO');
INSERT INTO TBL_TIPOS_TRABAJOS (ID_TIPO_TRABAJO, TIPO_TRABAJO) VALUES ('2', 'EMPLEADO');


INSERT INTO TBL_CARGOS (ID_CARGO, NOMBRE_CARGO, ID_TIPO_TRABAJO) VALUES ('1', 'NINGUNO', '1');
INSERT INTO TBL_CARGOS (ID_CARGO, NOMBRE_CARGO, ID_TIPO_TRABAJO) VALUES ('2', 'ALMACENERO', '2');
INSERT INTO TBL_CARGOS (ID_CARGO, NOMBRE_CARGO, ID_TIPO_TRABAJO) VALUES ('3', 'ASISTENTE PERSONAL', '2');
INSERT INTO TBL_CARGOS (ID_CARGO, NOMBRE_CARGO, ID_TIPO_TRABAJO) VALUES ('4', 'AUXILIAR DE SERVICIO', '2');
INSERT INTO TBL_CARGOS (ID_CARGO, NOMBRE_CARGO, ID_TIPO_TRABAJO) VALUES ('5', 'CAMARERO', '2');
INSERT INTO TBL_CARGOS (ID_CARGO, NOMBRE_CARGO, ID_TIPO_TRABAJO) VALUES ('6', 'CONSEJO DE ADMINISTRACION', '2');
INSERT INTO TBL_CARGOS (ID_CARGO, NOMBRE_CARGO, ID_TIPO_TRABAJO) VALUES ('7', 'DIRECTO', '2');
INSERT INTO TBL_CARGOS (ID_CARGO, NOMBRE_CARGO, ID_TIPO_TRABAJO) VALUES ('8', 'DIRECTOR DE COMUNICACION', '2');
INSERT INTO TBL_CARGOS (ID_CARGO, NOMBRE_CARGO, ID_TIPO_TRABAJO) VALUES ('9', 'DIRECTOR DE FINANZAS', '2');
INSERT INTO TBL_CARGOS (ID_CARGO, NOMBRE_CARGO, ID_TIPO_TRABAJO) VALUES ('10', 'DIRECTOR DE RECURSOS HUMANOS', '2');
INSERT INTO TBL_CARGOS (ID_CARGO, NOMBRE_CARGO, ID_TIPO_TRABAJO) VALUES ('11', 'DIRECTOR COMERCIAL', '2');
INSERT INTO TBL_CARGOS (ID_CARGO, NOMBRE_CARGO, ID_TIPO_TRABAJO) VALUES ('12', 'DIRECTOR TECNICO', '2');
INSERT INTO TBL_CARGOS (ID_CARGO, NOMBRE_CARGO, ID_TIPO_TRABAJO) VALUES ('13', 'EJECUTIVO', '2');
INSERT INTO TBL_CARGOS (ID_CARGO, NOMBRE_CARGO, ID_TIPO_TRABAJO) VALUES ('14', 'EMPRESARIO', '2');
INSERT INTO TBL_CARGOS (ID_CARGO, NOMBRE_CARGO, ID_TIPO_TRABAJO) VALUES ('15', 'GERENTE', '2');
INSERT INTO TBL_CARGOS (ID_CARGO, NOMBRE_CARGO, ID_TIPO_TRABAJO) VALUES ('16', 'GERENTE GENERAL', '2');
INSERT INTO TBL_CARGOS (ID_CARGO, NOMBRE_CARGO, ID_TIPO_TRABAJO) VALUES ('17', 'JEFE DE MARCA', '2');
INSERT INTO TBL_CARGOS (ID_CARGO, NOMBRE_CARGO, ID_TIPO_TRABAJO) VALUES ('18', 'JEFE DE OPERACIONES', '2');
INSERT INTO TBL_CARGOS (ID_CARGO, NOMBRE_CARGO, ID_TIPO_TRABAJO) VALUES ('19', 'SECRETARIO', '2');
INSERT INTO TBL_CARGOS (ID_CARGO, NOMBRE_CARGO, ID_TIPO_TRABAJO) VALUES ('20', 'RECEPCIONISTA', '2');
INSERT INTO TBL_CARGOS (ID_CARGO, NOMBRE_CARGO, ID_TIPO_TRABAJO) VALUES ('21', 'VENDEDOR', '2');


INSERT INTO TBL_PROFESIONES (ID_PROFESION, DESCRIPCION_PROFESION) VALUES ('1', 'ABOGADO');
INSERT INTO TBL_PROFESIONES (ID_PROFESION, DESCRIPCION_PROFESION) VALUES ('2', 'ARQUITECTO');
INSERT INTO TBL_PROFESIONES (ID_PROFESION, DESCRIPCION_PROFESION) VALUES ('3', 'BARRENDERO');
INSERT INTO TBL_PROFESIONES (ID_PROFESION, DESCRIPCION_PROFESION) VALUES ('4', 'BIBLIOTECARIO');
INSERT INTO TBL_PROFESIONES (ID_PROFESION, DESCRIPCION_PROFESION) VALUES ('5', 'BOMBERO');
INSERT INTO TBL_PROFESIONES (ID_PROFESION, DESCRIPCION_PROFESION) VALUES ('6', 'CARNICERO');
INSERT INTO TBL_PROFESIONES (ID_PROFESION, DESCRIPCION_PROFESION) VALUES ('7', 'CARPINTERO');
INSERT INTO TBL_PROFESIONES (ID_PROFESION, DESCRIPCION_PROFESION) VALUES ('8', 'CIRUJANO');
INSERT INTO TBL_PROFESIONES (ID_PROFESION, DESCRIPCION_PROFESION) VALUES ('9', 'CONDUCTOR');
INSERT INTO TBL_PROFESIONES (ID_PROFESION, DESCRIPCION_PROFESION) VALUES ('10', 'CONDUCTOR DE BUS');
INSERT INTO TBL_PROFESIONES (ID_PROFESION, DESCRIPCION_PROFESION) VALUES ('11', 'COCINERO');
INSERT INTO TBL_PROFESIONES (ID_PROFESION, DESCRIPCION_PROFESION) VALUES ('12', 'DENTISTA');
INSERT INTO TBL_PROFESIONES (ID_PROFESION, DESCRIPCION_PROFESION) VALUES ('13', 'DISEÑADOR');
INSERT INTO TBL_PROFESIONES (ID_PROFESION, DESCRIPCION_PROFESION) VALUES ('14', 'DOCTOR');
INSERT INTO TBL_PROFESIONES (ID_PROFESION, DESCRIPCION_PROFESION) VALUES ('15', 'ELECTRICISTA');
INSERT INTO TBL_PROFESIONES (ID_PROFESION, DESCRIPCION_PROFESION) VALUES ('16', 'ENFERMERO');
INSERT INTO TBL_PROFESIONES (ID_PROFESION, DESCRIPCION_PROFESION) VALUES ('17', 'ESTILISTA');
INSERT INTO TBL_PROFESIONES (ID_PROFESION, DESCRIPCION_PROFESION) VALUES ('18', 'FARMACEUTICO');
INSERT INTO TBL_PROFESIONES (ID_PROFESION, DESCRIPCION_PROFESION) VALUES ('19', 'FONTANERO');
INSERT INTO TBL_PROFESIONES (ID_PROFESION, DESCRIPCION_PROFESION) VALUES ('20', 'FLORISTA');
INSERT INTO TBL_PROFESIONES (ID_PROFESION, DESCRIPCION_PROFESION) VALUES ('21', 'FOTOGRAFO');
INSERT INTO TBL_PROFESIONES (ID_PROFESION, DESCRIPCION_PROFESION) VALUES ('22', 'CAMPESINO');
INSERT INTO TBL_PROFESIONES (ID_PROFESION, DESCRIPCION_PROFESION) VALUES ('23', 'JARDINERO');
INSERT INTO TBL_PROFESIONES (ID_PROFESION, DESCRIPCION_PROFESION) VALUES ('24', 'JUEZ');
INSERT INTO TBL_PROFESIONES (ID_PROFESION, DESCRIPCION_PROFESION) VALUES ('25', 'LECTOR DE NOTICIAS');
INSERT INTO TBL_PROFESIONES (ID_PROFESION, DESCRIPCION_PROFESION) VALUES ('26', 'LIMPIADOR DE VIDRIOS');
INSERT INTO TBL_PROFESIONES (ID_PROFESION, DESCRIPCION_PROFESION) VALUES ('27', 'MAESTRO DE CONSTRUCCION');
INSERT INTO TBL_PROFESIONES (ID_PROFESION, DESCRIPCION_PROFESION) VALUES ('28', 'MECANICO');
INSERT INTO TBL_PROFESIONES (ID_PROFESION, DESCRIPCION_PROFESION) VALUES ('29', 'MESERO');
INSERT INTO TBL_PROFESIONES (ID_PROFESION, DESCRIPCION_PROFESION) VALUES ('30', 'MODELO');
INSERT INTO TBL_PROFESIONES (ID_PROFESION, DESCRIPCION_PROFESION) VALUES ('31', 'OFTALMOLOGO');
INSERT INTO TBL_PROFESIONES (ID_PROFESION, DESCRIPCION_PROFESION) VALUES ('32', 'PANADERO');
INSERT INTO TBL_PROFESIONES (ID_PROFESION, DESCRIPCION_PROFESION) VALUES ('33', 'PERIODISTA');
INSERT INTO TBL_PROFESIONES (ID_PROFESION, DESCRIPCION_PROFESION) VALUES ('34', 'PESCADOR');
INSERT INTO TBL_PROFESIONES (ID_PROFESION, DESCRIPCION_PROFESION) VALUES ('35', 'PINTOR');
INSERT INTO TBL_PROFESIONES (ID_PROFESION, DESCRIPCION_PROFESION) VALUES ('36', 'PLOMERO');
INSERT INTO TBL_PROFESIONES (ID_PROFESION, DESCRIPCION_PROFESION) VALUES ('37', 'POLICIA');
INSERT INTO TBL_PROFESIONES (ID_PROFESION, DESCRIPCION_PROFESION) VALUES ('38', 'POLITICO');
INSERT INTO TBL_PROFESIONES (ID_PROFESION, DESCRIPCION_PROFESION) VALUES ('39', 'PROFESOR');
INSERT INTO TBL_PROFESIONES (ID_PROFESION, DESCRIPCION_PROFESION) VALUES ('40', 'PSIQUIATRA');
INSERT INTO TBL_PROFESIONES (ID_PROFESION, DESCRIPCION_PROFESION) VALUES ('41', 'RECEPCIONISTA');
INSERT INTO TBL_PROFESIONES (ID_PROFESION, DESCRIPCION_PROFESION) VALUES ('42', 'SASTRE');
INSERT INTO TBL_PROFESIONES (ID_PROFESION, DESCRIPCION_PROFESION) VALUES ('43', 'SECRETARIO');
INSERT INTO TBL_PROFESIONES (ID_PROFESION, DESCRIPCION_PROFESION) VALUES ('44', 'VIGILANTE');
INSERT INTO TBL_PROFESIONES (ID_PROFESION, DESCRIPCION_PROFESION) VALUES ('45', 'SOLDADO');
INSERT INTO TBL_PROFESIONES (ID_PROFESION, DESCRIPCION_PROFESION) VALUES ('46', 'TAXISTA');
INSERT INTO TBL_PROFESIONES (ID_PROFESION, DESCRIPCION_PROFESION) VALUES ('47', 'TRABAJADOR DE FABRICA');
INSERT INTO TBL_PROFESIONES (ID_PROFESION, DESCRIPCION_PROFESION) VALUES ('48', 'VENDEDOR');
INSERT INTO TBL_PROFESIONES (ID_PROFESION, DESCRIPCION_PROFESION) VALUES ('49', 'VETERINARIO');
INSERT INTO TBL_PROFESIONES (ID_PROFESION, DESCRIPCION_PROFESION) VALUES ('50', 'INGENIERO');
INSERT INTO TBL_PROFESIONES (ID_PROFESION, DESCRIPCION_PROFESION) VALUES ('51', 'COMERCIANTE');
INSERT INTO TBL_PROFESIONES (ID_PROFESION, DESCRIPCION_PROFESION) VALUES ('52', 'OTRO');


INSERT INTO TBL_ESTADOS_CIVIL (ID_ESTADO_CIVIL, DESCRIPCION_ESTADO_CIVIL) VALUES ('1', 'SOLTERO');
INSERT INTO TBL_ESTADOS_CIVIL (ID_ESTADO_CIVIL, DESCRIPCION_ESTADO_CIVIL) VALUES ('2', 'CASADO');
INSERT INTO TBL_ESTADOS_CIVIL (ID_ESTADO_CIVIL, DESCRIPCION_ESTADO_CIVIL) VALUES ('3', 'VIUDO');
INSERT INTO TBL_ESTADOS_CIVIL (ID_ESTADO_CIVIL, DESCRIPCION_ESTADO_CIVIL) VALUES ('4', 'UNION LIBRE');
INSERT INTO TBL_ESTADOS_CIVIL (ID_ESTADO_CIVIL, DESCRIPCION_ESTADO_CIVIL) VALUES ('5', 'DIVORCIADO');
INSERT INTO TBL_ESTADOS_CIVIL (ID_ESTADO_CIVIL, DESCRIPCION_ESTADO_CIVIL) VALUES ('6', 'SEPARADO');



INSERT INTO TBL_TIPOS_CUENTAS (ID_TIPO_CUENTA, TIPO_CUENTA) VALUES ('1', 'AHORRO RETIRABLE');
INSERT INTO TBL_TIPOS_CUENTAS (ID_TIPO_CUENTA, TIPO_CUENTA) VALUES ('2', 'AHORRO A PLAZO FIJO');
INSERT INTO TBL_TIPOS_CUENTAS (ID_TIPO_CUENTA, TIPO_CUENTA) VALUES ('3', 'AHORRO NAVIDEÑO');
INSERT INTO TBL_TIPOS_CUENTAS (ID_TIPO_CUENTA, TIPO_CUENTA) VALUES ('4', 'AHORRO A APORTACIONES');

INSERT INTO TBL_TIPOS_TRANSACCIONES (ID_TIPO_TRANSACCION, TIPO_TRANSACCION) VALUES ('1', 'DEPOSITO');
INSERT INTO TBL_TIPOS_TRANSACCIONES (ID_TIPO_TRANSACCION, TIPO_TRANSACCION) VALUES ('2', 'RETIRO');

INSERT INTO TBL_TIPOS_GARANTIAS (ID_TIPO_GARANTIA, TIPO_GARANTIA) VALUES ('1', 'PRENDARIA');
INSERT INTO TBL_TIPOS_GARANTIAS (ID_TIPO_GARANTIA, TIPO_GARANTIA) VALUES ('2', 'HIPOTECARIA');
INSERT INTO TBL_TIPOS_GARANTIAS (ID_TIPO_GARANTIA, TIPO_GARANTIA) VALUES ('3', 'AVAL');

INSERT INTO TBL_ESTADOS_PRESTAMOS (ID_ESTADO_PRESTAMO, ESTADO_PRESTAMO) VALUES ('1', 'ACTIVO');
INSERT INTO TBL_ESTADOS_PRESTAMOS (ID_ESTADO_PRESTAMO, ESTADO_PRESTAMO) VALUES ('2', 'CANCELADO');
INSERT INTO TBL_ESTADOS_PRESTAMOS (ID_ESTADO_PRESTAMO, ESTADO_PRESTAMO) VALUES ('3', 'CONGELADO');
INSERT INTO TBL_ESTADOS_PRESTAMOS (ID_ESTADO_PRESTAMO, ESTADO_PRESTAMO) VALUES ('4', 'CONGELADO INTERESES');

INSERT INTO TBL_FORMAS_PAGO (ID_FORMA_PAGO, FORMA_PAGO) VALUES ('1', 'DIARIO');
INSERT INTO TBL_FORMAS_PAGO (ID_FORMA_PAGO, FORMA_PAGO) VALUES ('2', 'MENSUAL CUOTA NIVELADA');
INSERT INTO TBL_FORMAS_PAGO (ID_FORMA_PAGO, FORMA_PAGO) VALUES ('3', 'MENSUAL SOBRE SALDO');
INSERT INTO TBL_FORMAS_PAGO (ID_FORMA_PAGO, FORMA_PAGO) VALUES ('4', 'SEMANAL');
INSERT INTO TBL_FORMAS_PAGO (ID_FORMA_PAGO, FORMA_PAGO) VALUES ('5', 'QUINCENAL');

INSERT INTO TBL_ESTADOS_CUENTA_AHORRO (ID_ESTADO_CUENTA, ESTADO_CUENTA_AHORRO) VALUES ('1', 'ACTIVA');
INSERT INTO TBL_ESTADOS_CUENTA_AHORRO (ID_ESTADO_CUENTA, ESTADO_CUENTA_AHORRO) VALUES ('2', 'INACTIVA');

INSERT INTO TBL_ESTADO_DECISION (ID_ESTADO_DECISION, ESTADO_DECISION) VALUES ('1', 'APROBADO');
INSERT INTO TBL_ESTADO_DECISION (ID_ESTADO_DECISION, ESTADO_DECISION) VALUES ('2', 'NO APROBADO');

INSERT INTO TBL_TIPO_CUOTA (ID_TIPO_CUOTA, TIPO_CUOTA) VALUES ('1', 'CUOTA NORMAL');
INSERT INTO TBL_TIPO_CUOTA (ID_TIPO_CUOTA, TIPO_CUOTA) VALUES ('2', 'CUOTA RETRASADA');
INSERT INTO TBL_TIPO_CUOTA (ID_TIPO_CUOTA, TIPO_CUOTA) VALUES ('3', 'PRIMERA CUOTA ');commit;


INSERT INTO TBL_TIPO_USUARIO (ID_TIPO_USUARIO, TIPO_USUARIO)VALUES(1,'ADMINISTRADOR');
INSERT INTO TBL_TIPO_USUARIO (ID_TIPO_USUARIO, TIPO_USUARIO)VALUES(2,'CAJERO');
INSERT INTO TBL_USUARIOS(ID_USUARIO, USUARIO,PASSWORD,ID_TIPO_USUARIO, ID_EMPLEADO) VALUES( 1,'root','431364b6450fc47ccdbf6a2205dfdb1baeb79412',1,NULL);
commit;
